customer_id,customer_gender,customer_name,customer_country,customer_address
274815,male,Jason English,SA,"PSC 8119, Box 3584, APO AE 08205"
568072,male,Michael Nixon,YE,"2262 Brenda Trace Apt. 984, South Jacob, MS 52860"
460401,male,Brandon Santana,QA,"53229 Melissa Branch Suite 339, Clarketown, WY 07933"
12403,female,Whitney Watts,AT,"4607 Christopher Ferry, Lake Brenttown, GU 69672"
543367,female,Courtney Silva,AS,"659 Mcknight Street Suite 189, Sarahshire, WY 11994"
925002,male,Ricky Johnson,UZ,"413 Bell Brook Apt. 220, Jennifermouth, SC 01245"
509089,male,Jeffrey Burns,VA,"964 Stephens Wall, Port Christina, MI 10849"
207309,male,Jason Wilson,BZ,"2444 Christie River, Ashleyside, FM 42761"
401399,male,Luis Scott,SI,"27764 Gonzalez Underpass, East Lindsey, ME 51076"
375840,female,Michelle Stephens,BW,"787 Montoya Groves Apt. 262, West Christopher, MO 38085"
565577,female,Martha Morgan,AQ,"USCGC Dyer, FPO AP 22722"
992239,male,Michael Clark,CZ,"18965 Bennett Spur, South Thomasport, CA 70514"
624711,male,Riley Howard,CW,"3474 Tami Plain, Allenhaven, NE 72928"
804492,male,Andrew Jones,DO,"94371 Vincent Drive, Pageberg, CT 80898"
99562,female,Jessica Mcgee,JO,"5358 Shirley Plaza, Taylorview, KS 67081"
516086,male,Kelly Wilson,KW,"Unit 3348 Box 8765, DPO AP 03476"
658300,male,Anthony Lopez,BJ,"715 Leon Divide, North Paulmouth, UT 35029"
963526,female,Sarah Lowe,CN,"19419 Edward Orchard Suite 467, Brownport, SD 13646"
396665,male,Michael Moore,NF,"45952 Morton Lakes Apt. 383, Lake Sheri, NE 92105"
848554,female,Jessica Mcguire,FM,"156 Johnson Plain, Lake Sherishire, FL 49330"
229922,male,Andrew Farrell,ZA,"19183 Kelly Circles, Port Richardtown, GU 41038"
41350,female,Debra Wood,BV,"770 Cross Manor Suite 399, North Brooke, CA 11974"
69519,female,Lisa Logan,MX,"64355 Timothy Gateway Apt. 518, East Sarah, OH 52575"
71698,female,Nicole Ritter,MY,"29987 Nelson Circle Apt. 496, Reginastad, TN 53763"
57191,male,Chad Escobar,HT,"16939 Kimberly Pine Apt. 233, Joeborough, ME 26574"
266427,male,David Soto,EE,"080 Gonzalez Curve Suite 574, Hallfurt, NH 07081"
243738,female,Jessica Joseph,HT,"Unit 8742 Box 1219, DPO AE 84400"
930964,female,Angela Hess,PS,"268 Melissa Centers, Markshire, AS 67524"
526333,female,Miss Ashley Torres PhD,GU,"349 Miller Mills, Rowetown, KY 12708"
292396,male,Joseph Miller,GU,"1693 White Estates Apt. 245, Davidside, LA 20775"
529437,male,Casey Cox,KI,"62572 Brown Groves, New Maryville, AR 12411"
414673,female,Judy Mccoy,EE,"38998 Mary Greens, Port Sarah, WY 68879"
917153,female,Lisa Kline,QA,"1217 Dawn Islands Suite 562, Edwardsbury, MH 80885"
646597,male,Justin Hunt,ET,"Unit 3671 Box 0114, DPO AA 60368"
776264,male,Johnny Padilla,MT,"51583 Amanda Knoll, North Teresaberg, VA 09751"
562411,female,Brittany Clayton,BT,"USCGC Clark, FPO AA 57899"
101956,female,Pamela Collins,NF,"73021 Dominique Plaza, Port Dorisfort, NY 26188"
337164,male,Shane Young,SG,"730 Smith Views Apt. 220, East Troyhaven, NM 14612"
412761,female,Monique Pineda,DM,"USS Garcia, FPO AP 39849"
860089,male,Louis Robinson,MW,"62603 Sara Course, East Sharon, ID 88346"
86406,female,Ruth Carter,SD,"Unit 1530 Box 2417, DPO AP 08908"
194378,male,Ricky Bonilla,AU,"91108 Vaughn Alley Apt. 139, Lake Mikehaven, NC 55158"
50291,male,Edward Hill,AR,"769 Elliott Plain Apt. 089, East Hannahfurt, CO 63133"
397089,male,John Jimenez,BY,"66282 Pamela Burgs Apt. 126, Zacharyton, AR 52494"
831187,male,James Hood,BE,"069 Smith Plaza Apt. 942, South Zacharyshire, WV 36165"
902795,male,Jason Thomas,CY,"8520 Sweeney Prairie, Lake Stevemouth, DC 95907"
440269,female,Lisa Gomez,LI,"023 Walter Center Apt. 361, Reyesberg, TN 81851"
496496,female,Melinda Stone,CW,"265 Pope Creek, Darrylmouth, AL 86912"
176275,female,Amy Gibson,SH,"49752 Hines Locks Suite 413, South Nancy, TN 86461"
721808,female,Julia Brown,CR,"268 Smith Cliff Suite 554, Floreston, AK 21817"
157166,male,David Vasquez,CW,"PSC 9331, Box 6948, APO AE 23391"
938175,female,Sally Powell,NU,"347 Holmes Forks Suite 978, Christopherborough, MH 82176"
505309,male,David George,MX,"Unit 4093 Box 1984, DPO AA 05057"
438085,male,Timothy Fernandez,GP,"PSC 6809, Box 0505, APO AA 53405"
59535,male,Steven Stanley,PG,"PSC 5172, Box 7877, APO AA 30143"
255340,female,Kimberly Alexander,QA,"758 Andrew Hill, Port Curtis, CO 07206"
440228,female,Sandra Smith,AX,"8370 Nguyen Dale, New Bettyberg, MT 62881"
51944,male,Jeffrey West,CI,"84036 Johnston Land, Woodmouth, AL 34726"
373084,male,Joseph Moses,JE,"937 Kenneth Orchard, South Barbarafort, AS 84300"
700103,male,Christopher Landry,TK,"665 Matthew Place Suite 960, Wareborough, NJ 70561"
653842,male,Joseph Mccarthy,PR,"9332 Allen Ways Suite 238, Bellport, PR 03894"
359260,male,Isaiah Madden,MX,"Unit 4370 Box 4480, DPO AE 11484"
855036,female,Laura Edwards,PG,"162 Arthur Junction Suite 046, Cristianfurt, AL 40292"
443231,male,Roy Turner,FJ,"628 Sabrina Route Suite 065, New Danielleton, MS 54869"
702561,male,Paul Wallace,KY,"8065 Brandy Plains, Port Michaeltown, AR 72250"
522675,female,Terri Reeves,LS,"87603 Malone Radial, New Paul, TN 84592"
224123,female,Michelle Ford,GR,"Unit 0212 Box 4564, DPO AE 16284"
911631,female,Cathy Fisher,PA,"29609 Kimberly Pike, West Cassandratown, ID 26937"
520483,female,Alexandra Silva,LY,"0804 Stafford Dale, Lake Darrylstad, ND 22463"
184026,female,Meagan Oconnor,SM,"7945 Schwartz Row Apt. 901, Walshfort, PW 90670"
274138,male,James Kent,PF,"481 Aimee Divide, Davidfurt, WA 92915"
590845,male,Joshua Williams,SE,"5753 Davis Union Suite 203, Samuelchester, WI 32323"
485154,male,Alex Hunter,AI,"1885 Jessica Plains, South William, AZ 90853"
37199,female,Misty Gibbs,IS,"001 Lee Crossroad Apt. 644, Bradleystad, MN 59406"
489918,female,Elaine Rodriguez,KE,"740 Jenkins Village, East Travis, CT 19419"
468958,male,Zachary Tyler,ZW,"8046 Griffith Wall, Suzanneside, IA 66965"
400539,male,David Fowler,IM,"80525 Cantrell Camp, New Kristyton, WY 39598"
376759,female,Sharon Wheeler,AG,"971 Young Valley, Kathyburgh, IA 22400"
141733,female,Margaret Wilson,BA,"14766 David Locks Suite 630, New Dariusview, IL 93272"
179337,male,Christopher Morrison,MO,"632 Brown Mountain, North Jamesberg, KY 61644"
236873,female,Kristina Anderson,VG,"57004 John Ridges Suite 089, Garrettton, NC 03134"
578979,male,Patrick Burgess,JO,"17333 Rachel Rapid, Santiagoport, VT 61681"
23113,female,Carolyn Martinez,MD,"25611 Reyes Greens, Crossside, MD 79551"
610754,male,Xavier Stephens,BI,"63934 Mcdonald Mall, East Christina, IN 43220"
509281,female,Lauren Mcdaniel,YE,"9595 Billy Meadow Suite 225, Pittsport, HI 35719"
925670,female,Erika Harris,ET,"3353 Miller Neck, New Michaelville, PA 02137"
857675,female,Kathy Bowman,PA,"23515 Justin Mission Apt. 862, Shawstad, IN 49004"
261584,male,Jason Roman,PM,"USCGC Schwartz, FPO AE 38357"
360460,female,Lisa Conway,CI,"USS Knight, FPO AE 05652"
381486,female,Brittany Fritz,ES,"083 Natalie Land Suite 125, New Jordan, KY 54138"
82350,female,Melissa Smith,SA,"670 Roger Fall Apt. 423, Bennettmouth, ID 60933"
628570,female,Crystal Smith,JE,"286 Mack Glens, Lake Davidbury, SC 12328"
106114,female,Wendy Sullivan,PH,"250 Gabriel Inlet, New Monica, IN 63273"
585571,male,Kyle Mitchell,CR,"192 Sanders Brooks Suite 555, South Denise, SC 42853"
473729,female,Molly Kelly,GE,"470 Mariah Unions Suite 350, Angelafort, PR 86512"
580305,female,Amy Mckinney,DE,"9077 Silva Cape Suite 283, North Brian, PR 31449"
856501,female,Mallory Bryan,RU,"822 Rodriguez Light, Garymouth, NV 53879"
484309,male,Christopher Harris,MM,"894 Davis Crossroad, East Mark, PW 91576"
678567,male,Isaiah Garcia,GN,"59448 Isaac Keys, Scottfurt, WV 67052"
377587,female,Sarah Moreno,NZ,"1556 Michael Expressway, South Stephentown, KY 31725"
168131,male,John Johnson,RU,"6234 Harrison Walks, Michaelfurt, AK 77816"
58143,male,William Carter,SI,"760 Gibson Springs, Derrickfort, VT 69825"
540216,female,Cindy Wright,VU,"483 Jack Knoll, Robertton, AZ 64242"
994473,female,Jennifer Vargas,LI,"91751 Johnson Track, Robinsonport, GU 71207"
817092,male,Alex Perkins,VG,"439 Zachary Stream, Stoutfort, WY 01775"
740664,female,Julie Martinez,PG,"106 Mckenzie Station, West Bethany, KY 90017"
8636,female,Christina Juarez,AG,"254 Reed Keys Suite 133, West Charlesmouth, MA 90853"
145785,female,Angela Brown,PH,"64563 Stein Curve Suite 071, Laurenmouth, SD 43224"
906387,male,Jason Johnson,GA,"05231 Dixon Forest, Anthonyville, WV 46833"
448757,male,Thomas Robinson,ST,"11175 Diane Mountain Suite 210, North Tracyberg, NJ 32162"
683840,male,Paul Jacobson,MK,"12357 Kevin Locks, North Mariaside, KS 67321"
823294,male,Jeffrey Williams,WS,"14388 Christina Avenue, Port Teresa, IL 32970"
485919,male,Jordan Smith,MO,"092 Knapp Views Suite 174, East Kimberlyview, UT 70939"
804240,male,Lonnie Blevins,NG,"732 Key Trafficway, Waltonview, AZ 41091"
300559,male,Justin White,GN,"736 Vincent Trail Suite 038, New Johnburgh, DC 13049"
676706,female,Ashley Day,TC,"15979 Cardenas Springs, New Crystal, VA 67267"
237611,male,Andrew Estrada,HR,"Unit 8449 Box 4539, DPO AE 23216"
30273,female,Kelsey Cardenas,BO,"USCGC Obrien, FPO AA 41395"
254427,female,Chelsea Cannon,TH,"19375 Cook Pike, Josephport, MO 17354"
170829,male,Erik Mack,QA,"948 Davis Plains, Dylanfort, WI 27210"
72818,male,Brian Norton,VE,"Unit 6673 Box 8495, DPO AP 78005"
755716,female,Maria Simmons,CW,"85573 Samantha Avenue, Kellyside, SC 52923"
758952,female,Brenda Liu,FJ,"72894 Wanda Parks Suite 285, Powersshire, MS 15267"
781050,male,Glenn Rios,BS,"836 Holden Vista Apt. 526, Galvanshire, IA 97912"
516837,female,Chelsea Woods,BE,"PSC 5871, Box 1051, APO AE 36888"
49991,male,Nicholas Harvey,TC,"445 Tonya Pine Apt. 818, West Ricky, AZ 45218"
323880,female,Julie Castillo,SV,"0290 Jamie Well, North Ashley, DC 58172"
715908,female,Taylor Gregory,LC,"478 Wagner Rapids Apt. 527, Robertport, TX 71142"
325314,female,Diana Cherry,IO,"PSC 3625, Box 6234, APO AP 12807"
115587,male,Jerry Smith,TO,"38208 Chris Brook Suite 193, West Brandyberg, FL 70220"
231588,male,Matthew Rivers,NZ,"2792 Jeremy Lakes, East Kimberly, DE 99922"
191890,male,Douglas Stevenson,EH,"7274 Jones Stream, Hornport, ND 89660"
669287,male,Ryan Sullivan,IQ,"06233 Deborah Extension, Port Dianamouth, WI 02864"
144092,male,Mr. Daniel Miller PhD,CI,"0487 Ayers Port, Lake Megan, MT 97519"
378227,male,Michael Sanders,WF,"067 William Loaf Suite 532, North Katelynstad, NY 56968"
937299,female,Denise Powell,ID,"35390 Terri Green Suite 312, West Christinatown, MA 33254"
702321,male,Michael Lane,PA,"446 Webb Crescent, Port Christine, AR 76576"
203771,male,Cole Neal,KR,"08548 Christopher Squares, Rachaelbury, WI 33709"
478992,male,Connor Smith,BL,"9198 Brad Garden Suite 000, Beckerville, AS 75544"
484665,female,Yvonne Mccarty,JP,"03701 Williams Flat Suite 573, Dustinshire, NC 45557"
663132,female,Isabel Johnson,HM,"0036 Reyes Corner Apt. 236, Lake Brandonstad, WV 30773"
731520,male,Taylor Kerr,CF,"7435 Debra Fork Suite 848, Markview, IL 67472"
372173,female,Julie Marsh,HN,"0361 Sanchez Views, West Michael, ID 36854"
464113,female,Melissa Boone,FJ,"4482 Ronald Mews, East Matthewville, ME 99360"
458643,male,Stephen Weeks,SK,"2098 Cardenas Parks, Nelsonstad, FL 63821"
237617,female,Kimberly Perez,AI,"62725 Tiffany Parks Suite 268, North Jessefurt, UT 31032"
687682,male,Larry Chavez,EG,"PSC 6265, Box 4387, APO AP 56580"
278033,male,Eddie Wagner,ME,"9665 Brooke Freeway, Cliffordland, AZ 62588"
607522,male,David Johnson,RS,"74401 Turner Isle, Michelleville, LA 34961"
76156,female,Kaylee Stevens,MD,"850 Livingston Canyon, West Davidstad, WI 20130"
584626,female,Morgan Myers,VI,"8516 White Course Apt. 998, Chenshire, OR 31788"
982076,female,Sarah Lutz,WF,"630 Johnson Estates, Haileyfort, TN 51214"
635228,male,John Holmes,US,"263 Tracy Overpass Suite 621, Port Michelleport, TX 40380"
904482,male,Timothy Wilson,TZ,"Unit 6106 Box 1159, DPO AE 89407"
538550,female,Christine Torres,SK,"9710 Smith Inlet, Port Stephanieview, NJ 85873"
313315,male,Richard Hayes,HR,"PSC 0884, Box 3631, APO AP 89815"
942966,male,James Hudson,AO,"9441 Rogers Landing, Port Joe, MO 44638"
787585,male,Michael Smith,SZ,"7296 Mitchell Parkway Apt. 305, West Jenniferborough, AS 51362"
691088,male,Ronald Allen,SY,"9100 Nichols Freeway Suite 704, South Juliefurt, NH 60343"
317754,female,Meredith Anthony,HM,"4792 Maureen Brook, Steelemouth, NH 77738"
569888,female,Virginia Guerrero,MQ,"825 Erin Hill Suite 365, East Paul, MI 90849"
86421,female,Mrs. Pamela Ellison,US,"65309 Emily Cape, West Nancy, AZ 48232"
602372,male,Luis Jackson,TW,"10403 Elizabeth Crossing Suite 305, East Caitlin, TN 43678"
991809,male,Gregory Mccarthy,BQ,"009 Dana Parkway Suite 639, Port Jessica, NE 41314"
786914,female,Mary Love,TN,"941 Rodgers Glens Suite 453, Perryberg, CO 74444"
812555,female,Patricia Glover,NF,"898 Adam Flat Suite 967, Douglasburgh, AL 28412"
442158,female,Angie Munoz,IE,"19965 Kathleen Turnpike Apt. 001, Stanleyfurt, ME 14190"
549114,male,Mark Camacho,TO,"35363 Scott Pine, Shawnshire, MN 84476"
452442,male,Joshua Frazier,BF,"2872 Dana Rest, North Brycechester, KY 63015"
663689,male,Alex Gregory,MQ,"981 Little Springs Suite 444, Kingfurt, LA 99823"
69073,male,Eric Powell,MT,"Unit 5281 Box 4294, DPO AA 08449"
126152,male,Joseph Vaughn,MM,"8559 Chelsea Turnpike, West Alexandershire, NY 94944"
605516,female,Meghan Goodwin,JP,"USCGC Williamson, FPO AE 59619"
429541,female,Wendy Krause,MP,"2524 Amber Locks, Michelleton, GA 63936"
394227,female,Angela Page,GB,"69051 Garza Stream Suite 801, South Amber, GA 93142"
682093,female,Jennifer Elliott,PE,"Unit 3698 Box 7128, DPO AA 02640"
633891,female,Kathleen Mcdonald,AX,"0191 James Square Apt. 806, North Christopher, KY 32050"
328930,male,Kevin Henry,MQ,"599 Daniel Light Apt. 299, Dustinton, NM 06792"
776627,female,Jennifer Moreno,AG,"6472 Kathryn Harbor, New Haleyland, IL 66145"
789575,female,Tiffany Davis,EE,"381 Johnson Trafficway Suite 082, Deniseburgh, GA 08674"
422012,male,Michael Johnson,IM,"PSC 7821, Box 8646, APO AE 03047"
344468,male,Spencer Boyer,US,"98229 Nancy Freeway Suite 136, New Margaret, LA 29002"
6784,female,Jennifer Brock,SJ,"936 Schneider Stream Suite 437, North Lindamouth, CO 98071"
767284,female,Jordan Jones,MS,"15193 Carla Knoll, Davisshire, PA 69418"
23530,male,Paul Flowers,MU,"3908 Hannah Knoll, Lake Rebeccaburgh, FM 92754"
843188,female,Debra Bryant,VN,"365 Kenneth Landing Apt. 362, East Taraberg, GA 22084"
16053,female,Samantha Harris,MD,"28447 Bethany Mountain Suite 412, Ibarraville, WY 94121"
959428,male,Kenneth Elliott,MY,"92744 Andrew Mountains, West Bryanchester, ID 18668"
886125,female,Carrie Gonzalez,AW,"280 Johnson Cliffs Apt. 705, Kelleybury, NM 40143"
350170,female,Denise Green,SA,"78544 Judy Isle, South Austin, MI 68947"
561036,male,Ryan Gonzales,LS,"795 Cynthia Dale Suite 891, Russofort, AK 64918"
284774,male,Austin Flores,RU,"420 Nathaniel Gardens Suite 795, Connieshire, AS 53212"
839407,female,Brandy Melendez,LU,"27558 Wright Valleys Suite 133, Blacktown, AR 16613"
284229,male,Glenn Ali,TL,"059 Daniel Center Apt. 689, Shelbybury, MH 09319"
445762,female,Allison Taylor,MK,"2321 Robinson Locks Apt. 018, Holdenside, MS 03960"
833209,female,Leah Curry,PF,"1159 Michael Lodge, Lake Laurachester, CT 80433"
510088,male,William Choi,DJ,"80875 Brown Unions Apt. 122, Michaelshire, SC 74084"
970955,female,Abigail Jones,AZ,"1885 John Drive, Henrybury, ME 17339"
948802,male,Jonathan Adams,GI,"620 Melissa Lock Apt. 277, Lake Sharon, OR 94690"
394771,male,Mr. Jesse Ford,TR,"PSC 3124, Box 3734, APO AA 29943"
487712,female,Sue Baker,CL,"55999 Torres Crossroad, East Cheryl, GA 48352"
32623,female,Courtney Riggs,PR,"1728 Bush Divide, North Krystal, MN 98014"
326015,female,Claudia Miller,KZ,"33107 Richardson Courts Apt. 743, Rhondaport, IN 74954"
811346,male,Jason Carpenter,TL,"13874 Marcus Shoal Suite 157, New Jessica, OK 78328"
484829,male,Alexander Goodwin,DO,"40649 Michelle Forge Apt. 465, South Sandra, CT 89181"
69542,male,Zachary Bennett,RW,"626 Wendy Views Apt. 644, Port Alexandrashire, CO 56610"
310316,male,Adam Foster,TV,"25904 Benjamin Court, Mayershire, GA 70512"
968314,female,Adriana Williams,HK,"253 Gonzales Lock Apt. 014, Perezfurt, LA 21706"
259964,female,Ann Price,YE,"7001 Jennifer Squares, Wesleymouth, DE 21774"
115477,female,Pamela Adams,EE,"1596 James Summit Suite 925, Port Jessica, IL 31252"
188433,male,Robert Mayer,YT,"856 David Path Apt. 256, Mackenzieton, WV 06146"
924775,female,Christina Tate,WF,"502 Walker Way, Port Carolynville, DC 52875"
279882,female,Lindsey Carter,FJ,"5395 Bullock Pine, Harrisonview, PR 94525"
586716,female,Elizabeth Fox,MF,"16952 Donald Mountain, East Vickiemouth, MO 02323"
208936,male,Marcus Gonzalez,UG,"732 Kristin Harbor Suite 714, North Ericbury, SD 71122"
379149,male,Joseph Russell,AZ,"417 Fuller Estates Suite 184, Sabrinamouth, OK 99529"
777988,female,Victoria Williams,VG,"498 Carter Views Suite 600, Mooreside, UT 16801"
861595,male,Anthony Francis,GG,"943 Smith Lakes Apt. 690, New Matthew, IN 53583"
926408,male,Christopher Harris,IL,"PSC 6175, Box 1440, APO AE 56185"
975689,female,Vanessa Jones,UY,"017 Scott Causeway, Port Lori, WV 57707"
554717,male,Michael Ballard,CM,"USNS Olson, FPO AA 93946"
544151,male,Caleb Novak,GF,"38368 Anthony Extensions, West Sean, GA 33183"
329234,male,Timothy Lawrence MD,KE,"00562 Margaret Trace, Brownside, MP 85072"
159055,male,Randy Sandoval,SA,"09947 Kimberly Shore, Brianberg, AR 78347"
374511,female,Joan Burns,CC,"5613 Alvarez Plains Apt. 047, Ronaldside, CT 77294"
748019,female,Margaret Keller,AT,"042 James Shoals Apt. 861, New Jeffery, PA 54441"
204366,female,Brenda Gomez,HK,"6392 Figueroa Place Suite 126, Wilsonmouth, OH 25131"
523122,female,Linda Farley,SM,"331 Sexton Vista Suite 707, East Tammy, IN 34076"
783073,male,Bryan Faulkner,PW,"787 Tracy Ridges, Rachelhaven, ID 98533"
971774,male,Joseph George,VA,"8060 Kevin Streets Suite 819, New Kimberlyland, WA 63127"
699931,male,Adam Wood,TT,"963 Christina Manors Apt. 066, New Susan, AL 22015"
326892,male,Randy Ross,ES,"Unit 3096 Box 3540, DPO AP 65113"
400042,female,Donna Willis,LI,"2916 Haley Village, East Randy, ME 82384"
675365,male,Michael Goodman,YE,"0622 Jennifer Fords Apt. 213, Emilyhaven, LA 44569"
105992,female,Dr. Susan Smith,MC,"386 Jessica Wells, East Bradley, MI 18785"
140557,male,Jeffrey Bennett,AF,"47635 Allen Motorway Apt. 814, Port Brandonstad, GU 71498"
63272,female,Katelyn Sanders,NI,"3473 Herrera Hill, Conleyhaven, WY 07311"
980152,female,Lori Terrell,JM,"871 Delacruz Garden, East Kimberlychester, TN 62428"
2485,male,Bradley Green,CX,"52154 Garcia Falls, East Brandon, TX 77045"
357940,female,Lisa Harris,SL,"558 Alexandra Manor Apt. 778, East Terri, MH 62240"
193390,female,Lisa Hayes,CO,"49680 Andrew Springs, North Katherine, ND 52592"
458571,male,Jonathon Dyer,SX,"4906 Madison Stream, Taylorview, KY 58734"
942264,female,Christine Payne,OM,"2399 Ryan Glen, Port Jenny, ND 46557"
898832,male,Jeremy Hansen,SA,"329 Rose Overpass Suite 397, Rojasmouth, DC 70962"
164068,female,Laura Bolton,AF,"6382 Mark Creek Suite 737, West Daniel, MP 81324"
921309,male,Shawn Thompson,SE,"153 Johnson Camp, West Micheal, PR 94756"
370453,male,Brian Brown,BT,"47316 Brian Island Apt. 340, Lake Heathermouth, MS 57199"
612195,female,Kathryn Olson,BD,"853 Bryant Crossroad Suite 536, North Daniel, OH 76788"
686133,female,Melissa Gonzales,ER,"80086 Phillips Valley Apt. 383, West Sabrina, VA 15991"
246714,female,Sarah Nguyen MD,GM,"0046 Myers Stream, South Brianaburgh, NY 39467"
882725,male,John Garrison,RE,"467 Hunt Keys Suite 750, Gallagherview, OH 15510"
602042,male,Danny Nelson,GD,"968 Don Park Suite 204, Port Steven, AZ 10349"
194955,male,Anthony Hogan,CH,"802 Gregory Vista Suite 114, Lake Adriantown, SD 40773"
612497,male,David Butler,BE,"8268 Rhonda Orchard Suite 138, Port Julietown, NM 74388"
276491,male,Kevin Powers,VA,"PSC 3642, Box 9860, APO AA 29952"
90635,female,Tiffany Hopkins,EG,"2640 Ronald Cliff Apt. 590, New Paulville, KS 62418"
359589,male,Christopher Mclaughlin,EH,"52442 Melton Mall, North Karen, WY 91018"
821686,female,Michele Campbell,ZM,"Unit 2002 Box 6161, DPO AP 16411"
179019,female,Kathryn Richardson,CR,"047 Payne Forks, Michellechester, ID 43039"
710970,female,Kristy Henson,AE,"53857 Black Mission Suite 982, Michaelbury, TN 29792"
794132,male,Zachary Key,NR,"Unit 6809 Box 9920, DPO AE 19034"
666015,male,Scott Goodwin,GR,"96452 Tucker Islands Suite 587, Stevenside, NV 69125"
279838,male,Shawn Smith,CL,"03152 Anderson Spring Apt. 453, Lake Terri, WV 93403"
267971,male,Mark Huynh,VC,"295 Garcia Lock Suite 120, New Laurenmouth, OR 68402"
693097,female,Kimberly Hernandez,AX,"690 Collins Drives Suite 699, South Anneborough, MS 33281"
785237,male,Thomas Foster,MS,"8441 Mcdonald Knolls Apt. 095, Larsenmouth, LA 58343"
929586,female,Elizabeth Lopez,PY,"604 Seth Pike Suite 015, West Kennethburgh, OK 35461"
789207,male,Jaime Jimenez,SI,"8725 Janet Parkway, New Georgemouth, IN 37873"
365028,male,Jason Williamson,CZ,"9901 Ray Fall, Lake Sean, ND 17199"
339277,male,Adam Murphy,GH,"86833 Brown Knoll Apt. 819, North Luisside, PW 80871"
102835,male,John Jimenez,UG,"169 Maxwell Ford, Richardside, PR 88870"
646978,male,Nicholas Kaufman,IM,"609 Cassandra Shoal, West Jacqueline, CA 07732"
69869,male,Terry Moore,JM,"USS Peters, FPO AA 35713"
862319,female,Evelyn Hawkins,LB,"9605 Davis Center Apt. 565, Lake Alicia, SD 27518"
150572,female,Loretta Rhodes,IR,"199 Marcus Mount, Aprilmouth, VA 89107"
87873,female,Jessica Shaw,IO,"9314 Tracy Loaf Apt. 579, New Clifford, WY 18774"
957314,female,Patricia Davis,SI,"2208 Morris Summit Apt. 167, Gouldfort, OK 58472"
428323,female,Miss Ellen Byrd MD,VC,"0874 Nelson Summit Suite 023, West Guy, VT 47240"
331951,male,Alexander Nichols,SH,"008 Hernandez Pike Suite 945, North Danielshire, UT 03233"
467259,female,Katherine Stevens,PG,"29791 Donald Ranch, Port Colleentown, TX 16403"
822903,male,David Lee,TD,"352 Johnston Manors Apt. 806, Anthonymouth, MH 52331"
61741,female,Amanda Brooks,PF,"USNS Rodgers, FPO AP 51613"
117195,female,Teresa Dunn,RO,"8711 Lori Meadow Apt. 951, Caitlinside, NY 32955"
185824,female,Mary Oconnor,GQ,"33972 Steven Islands Suite 844, Brownport, GU 95737"
618628,male,Raymond Odom,AQ,"USCGC Sanders, FPO AP 53420"
497605,female,Lauren Williams,HM,"738 Khan Hollow Apt. 036, Nelsonside, TX 83669"
317884,male,Frank Coleman,TC,"673 Diana Park, Port Stephanieton, WA 24010"
634986,male,David Watts,SZ,"Unit 0892 Box 1909, DPO AE 44354"
117252,female,Jennifer Dunn,GG,"050 George Village Suite 359, Blevinsview, MO 51165"
456649,male,Andrew Espinoza,NF,"131 Ashley Parkways Suite 298, Christopherside, UT 66707"
7059,female,Sharon Navarro,AD,"171 Christina Ports, East Andreachester, IN 55289"
208732,male,Rickey Gibson,UA,"78603 Davies Wall Apt. 098, Davidfurt, NV 86721"
520118,female,Virginia King,SS,"41624 Estes Burgs Apt. 165, New Kathryn, CO 77427"
103405,male,Thomas Dixon,CC,"920 Mejia Roads, Lake Amandaport, MN 84510"
193773,male,Caleb Dean,HM,"1254 Mathis Stravenue Apt. 180, New Kevin, AK 23914"
30414,male,Larry Mason,EE,"653 Marissa Crest, South Jennifermouth, TX 18409"
146086,male,Matthew Hampton,KM,"43300 Timothy Pass Suite 385, Pamelatown, GA 95984"
695939,female,Evelyn York,GT,"2614 Sparks Light, Brianfort, WI 80362"
614737,female,Christine Price,TK,"360 Mullins Roads, Aaronburgh, MT 71722"
521995,female,Michelle Preston,SC,"USCGC Jennings, FPO AP 47772"
640502,female,Amy Vang,IM,"05516 Terry Forks, Moralesmouth, MT 52244"
378027,female,Kimberly Mclaughlin,LT,"372 Linda Vista, Port Sean, TN 96861"
92459,female,Maria Hernandez,GL,"455 Conrad Field Apt. 525, West Angela, AZ 87324"
729717,male,Gary Perez,GD,"41905 Vasquez Divide, Clarkeville, KY 77742"
21172,male,Jose Hayes,ZW,"Unit 2679 Box 7258, DPO AA 78374"
27385,male,Kevin Rodriguez,CH,"44602 Smith Creek, South Kimberlyberg, CT 65978"
301755,female,Rachel Moreno,IN,"90431 Collins Glen, Port Amanda, NJ 47741"
354926,female,Heather White,ET,"0556 Brown Ports, New Jessicaview, VI 10961"
920736,male,William Yates,BI,"655 Robert Ridge, Jillbury, WY 39913"
443243,female,Jocelyn Morgan,MC,"01473 Edwards Island Apt. 048, Port Nicoleberg, NV 23271"
695887,male,John Fuller,TV,"9627 Harold Field, Annport, MT 31256"
732665,female,Lisa Smith,BL,"0477 Michael Curve Suite 229, Lake Jennifer, AL 49494"
346759,female,Brittany Dalton,KW,"937 Luis Station Apt. 830, Wilsonfort, HI 00556"
316057,female,Kimberly Bautista,TT,"12565 Gilbert Ports, Michaelborough, NM 37710"
417870,male,Thomas Bowen,MF,"78061 Nguyen Inlet, South Amy, PW 13936"
753214,female,Cindy Wheeler,KZ,"PSC 7722, Box 9116, APO AE 70354"
969338,female,Sarah Kelly,BQ,"22363 Adams Plain Apt. 302, Tamarastad, DE 08718"
836855,female,Kimberly Berger,CD,"736 Joseph Camp, North Adamtown, MD 36871"
287819,female,Maria Solis,MS,"51580 Garcia Crescent Suite 196, Jamestown, RI 21877"
283606,female,Kelly Levine,MU,"9495 Walker Plains, Latoyachester, SD 49837"
509761,male,Nathan Ayala,KG,"4648 Rodriguez Knoll Apt. 450, Lake Melinda, FL 88563"
54356,male,Nicholas Mccarty,TN,"3158 Hart Turnpike, North Jason, MN 48666"
862506,female,Lisa Gomez,TK,"1430 Nguyen Mountains Suite 670, Kendraside, TX 51152"
243723,female,Jennifer Carpenter,ST,"56600 Jennifer Meadows, Vancefurt, VT 48881"
714286,male,Jack Mcclure,IM,"63816 Amy Common Apt. 653, Lake Jesus, CT 96201"
217488,male,Anthony Carroll,TW,"65200 Myers Extension Suite 156, Matthewburgh, MI 08461"
818643,female,Vanessa Harris,GN,"417 Heath Road Suite 178, Pattersonfurt, AZ 92388"
398337,male,Richard Yates,LS,"41069 Paula Valley, Brandonland, ME 98604"
990613,female,Stephanie Graham,AO,"0124 Jack Neck, Joseville, MP 50554"
844451,male,Frederick Smith,BB,"744 Newton Stream Apt. 645, Melissaland, VI 46956"
395162,male,Patrick Harvey,GY,"USS Murphy, FPO AA 33055"
774406,female,Tiffany Fitzgerald MD,CI,"98200 Mark Tunnel, Lake Charles, NV 99308"
559747,female,Natasha Lynch,TM,"411 Abbott Flat, Port Cindy, WY 15514"
143546,male,Zachary Davis,CW,"69680 Richard Camp, Choihaven, AL 16058"
470115,male,Caleb Johnson,TG,"7239 Mariah Station Apt. 485, Jessicaside, CA 98715"
29750,female,Ashley Taylor,LA,"291 Bass Hill, Jameston, NM 71252"
879581,female,Karen Moore,BH,"070 Tiffany Radial Apt. 369, Lake Shelly, RI 11874"
189117,male,Tyler Curry,NR,"37058 Rodriguez Inlet, Campbellstad, NM 34637"
879893,male,Richard Shepherd,BS,"4285 Jessica Meadows, Lake Sarah, AK 97507"
301708,male,Justin Velasquez,LU,"PSC 9035, Box 4505, APO AP 35252"
897972,male,Gabriel Buchanan,UG,"3752 Smith Courts, East Alex, GA 51504"
901212,male,Nathaniel George,NA,"Unit 8268 Box 0209, DPO AE 19522"
113261,male,Thomas Sanchez,PT,"921 Eric Courts Apt. 335, West Shannon, CA 06946"
595651,male,Christopher Cooper,IL,"160 Whitney Inlet, West Jonathanburgh, AR 12388"
740636,male,Jeffrey Smith,NG,"5985 William Key Apt. 433, North Erin, PW 41507"
887210,male,Gregory Bryant,IR,"40223 Wade Lock Apt. 451, New Nathan, VI 44868"
205499,male,James Morales,JP,"Unit 7232 Box 3643, DPO AA 73637"
488629,male,James Stanley,IM,"81912 Griffin Plains, East Kimberlyfort, KS 48786"
709111,male,Michael Wood,CI,"USNS Gonzales, FPO AE 07355"
238054,female,Tina Miller,AL,"96405 Brian Grove Apt. 410, Port Sierrafurt, TX 41722"
579618,female,Claire Fisher,GA,"55348 Adrian Track, West Christopher, MO 75038"
427221,male,Blake Johnson,PG,"2519 John Cove Suite 526, North Jason, ME 69206"
829921,male,Mark Parker,WF,"5953 Blair Drive, North Jamieland, MS 53373"
909839,female,Taylor Barrett,HM,"8923 Danielle Rapids, Leeborough, MA 48759"
680575,female,Alicia Wagner,PH,"7579 Kathryn Stream, Donaldborough, MT 49276"
386871,male,Steven Hall,VN,"666 Steven Lake Suite 675, Caseberg, VT 46503"
202981,male,Mathew Guerrero,PG,"73246 Rios Key Apt. 462, North Nicholaston, MS 34415"
316737,male,Craig York,PG,"91731 Nash View Apt. 927, Kruegerberg, DC 28654"
445276,female,Brandi Delgado,MM,"44678 Cathy Rapids, Murphyshire, MN 91074"
592591,female,Sarah Martinez,ST,"637 Lopez Forest Apt. 495, Yuville, NC 01314"
853171,male,Victor Williams,FK,"436 Garcia Light Apt. 406, South Anthonyburgh, KS 29875"
29319,female,Amanda Valentine,TK,"Unit 6200 Box 4649, DPO AA 01352"
891993,female,Debra Davis,JP,"15739 Brown Shoal, Lake Justinfurt, FL 40543"
741459,male,Gregory George,MK,"5219 Patricia Courts Suite 764, West Davidfurt, AK 84433"
299198,male,Mr. Randy White,NC,"7661 Danielle Alley Suite 147, West Kimberly, IN 52268"
650564,female,Tiffany Wood,EH,"061 Black Spur Apt. 477, Dickersonberg, GU 54361"
463200,male,Keith Lowery,CK,"USS Nelson, FPO AA 83191"
618017,male,Spencer Sanchez,HN,"850 Lewis Turnpike, Sharonmouth, OH 96087"
649445,female,Melissa Gilbert,PS,"400 Henry Rapids Apt. 437, New Sarahville, OR 09847"
158781,female,Catherine Love,PY,"9821 Melissa Mission Suite 987, West Jamiebury, NJ 52877"
448921,female,Brandy Lopez,GU,"USNV Woods, FPO AA 80185"
979202,female,Diane Bradley,ZA,"472 Melissa Parkway, Webbland, CT 23558"
310352,male,Travis Bolton,TK,"PSC 8714, Box 2049, APO AA 15469"
371079,female,Dr. Tamara Smith,MP,"85505 Young Plaza Apt. 936, South Sarah, IL 48494"
523303,female,Jasmine Carter,CL,"064 Dale Terrace, Lindahaven, FM 17772"
770456,male,Frank Robinson,QA,"USS Smith, FPO AP 24623"
814613,female,Jennifer Fisher,MR,"7831 Moore Station, North Tara, WY 56751"
996874,female,Tammy Reyes,DJ,"PSC 2794, Box 5773, APO AA 96708"
905755,male,Donald Taylor,ZW,"64505 Shelby Orchard Suite 054, Lake Valerie, CT 23760"
970568,male,Hunter Griffith,PF,"2387 Jeffrey Island, Waltonshire, NV 02900"
482588,female,Elizabeth Mcdonald,MA,"11242 Nathan View Apt. 357, Elizabethburgh, NM 22074"
56966,female,Courtney Scott,CX,"52137 Sara Squares, Hernandezton, AR 04272"
449897,female,Margaret Frazier,SN,"18156 Hardin Port Suite 873, Frederickport, VA 45654"
898753,female,Kathleen Lara,DK,"37403 Davis Estates Suite 453, Laneborough, MA 76051"
605741,female,April Roman,HN,"0502 Louis Rapid Apt. 935, Andrewville, MP 06629"
175835,female,Kelly Terry,AU,"8305 Yolanda Fort Suite 503, Nguyenchester, AL 28288"
631478,female,Amy Moon,IM,"2100 Justin Union Suite 043, Rebeccamouth, VI 24239"
517798,female,Victoria Harris,CL,"74000 Stephanie Walks, Johnsonshire, OK 77180"
634266,male,Jeffrey Brown,CX,"862 Kathy Ramp Suite 617, Marieborough, MS 40633"
164614,female,Michelle Young,CX,"587 Nicholas Rest, Calvinville, PR 33147"
41978,male,Charles Solomon,GM,"9057 Laurie Inlet, North Ronald, AK 84298"
250185,male,Thomas Smith,SB,"33369 Robinson Green Apt. 982, New Jasonchester, NH 50300"
321726,male,Christopher Barajas,SN,"656 Emily Turnpike Suite 901, East Matthew, KS 02457"
233984,male,William Allen,RW,"47688 Johnson Forest, North Travis, AZ 39988"
245902,female,Lisa Richards,ID,"503 Taylor Bypass, Tiffanyside, SD 15098"
168594,male,Francisco Clark,AT,"1140 Ramos Drive, Leeton, MA 20340"
577174,female,Amy Morgan,EH,"98495 Thomas Brook, East Christianview, OR 78415"
973323,male,William Mendez,JM,"21552 Lauren Curve, Stuartland, GA 59642"
529003,male,David Jimenez,PT,"4211 Alex Plains, Smithfurt, MO 92284"
642744,male,Daniel Vazquez,AZ,"60054 Allen Square Apt. 641, Mullinsview, KS 68000"
189920,male,Aaron Turner,RO,"35149 John Vista, New Kathryn, HI 48156"
969545,male,Joshua Brooks,ID,"0710 Laura Turnpike, West Brittney, VA 35505"
639172,male,Timothy Rodriguez,PE,"200 Jasmine Pines, Lake Julie, AZ 66232"
21957,male,David Reynolds,SX,"18774 Patrick Overpass, New Johnville, PW 82269"
635226,female,Ashley Mcdaniel,FK,"339 Thomas Summit, Johnhaven, TX 88380"
513861,female,Lauren Coleman,ID,"850 Wells Divide Apt. 385, Lawsonchester, ND 99352"
411062,male,Jason Goodman,VN,"79589 Mackenzie Parks, West Dennisfort, IL 99292"
562712,male,John Gonzalez,IR,"1622 Farrell Gateway, Robertberg, MS 41239"
387052,female,Virginia Booker,RU,"143 Jerry Spring Apt. 542, Hardyshire, MO 06886"
462234,female,Susan Alvarez,BO,"USNV Landry, FPO AA 20896"
435603,female,Dr. Anna Hill,BL,"57550 Smith Harbor Suite 657, New Arthurshire, HI 03220"
133008,male,Carlos Caldwell,IT,"302 Dunlap Forks, South Heather, MN 06748"
468035,female,Andrea Stephens,NL,"Unit 2465 Box 2962, DPO AP 46847"
591874,male,Vincent Brown,IN,"391 Edwin Parks, North Phyllis, MI 58108"
268025,female,Jennifer Baldwin,CL,"976 Micheal Parkways Suite 681, Wardborough, SD 86639"
901754,male,Kyle Tucker,SS,"368 Kerr View Suite 017, Watersland, NE 72168"
684459,male,Stephen Graham,VA,"120 Emily Court, New Daniel, FL 57585"
419223,female,Amy Austin,IT,"8390 Patrick Corners, Port Cheryl, ME 18242"
484185,male,Allen Hawkins,PE,"2865 Norman Trafficway, Christopherchester, GA 38344"
481013,male,Mark Andrews,BO,"3128 Harris Mountain, Frederickstad, MH 81276"
812516,female,Joanne Byrd,NP,"1570 Sabrina Roads Apt. 764, East Eric, MO 26461"
691238,female,Robin Decker,GI,"806 Winters Parks Suite 359, New Amychester, WY 73530"
985682,male,Christopher Adams,ST,"216 Brent Ford, Hernandezhaven, OH 97325"
486469,male,Dr. John Parker,GL,"426 Justin Curve Suite 437, Port Kimberlyshire, WI 70516"
463649,female,Katelyn White,VC,"3621 Christopher Estates Suite 858, Fisherburgh, AR 10613"
264722,female,Lisa Griffith,VG,"98023 Pennington Summit, Harrisonside, LA 70754"
16997,male,John Brown,GG,"72120 Carolyn Brook, North Dillonland, FM 38660"
856096,female,Emily Ford,DJ,"03723 Daniel Shores Apt. 578, Davidfurt, TX 09976"
162509,male,Christopher Jones,MF,"Unit 4973 Box 2689, DPO AE 51504"
402199,male,Christopher Hunt,MF,"72343 John Points Apt. 898, South Jonathan, CO 59530"
928289,female,Lisa Edwards,CC,"65046 Ellis Drive Apt. 007, Hunterton, IN 90942"
737135,male,Brian Arnold,LC,"88632 Cisneros Stream, East Devinmouth, MO 14318"
819969,male,Alexander Petersen,RS,"106 Patrick Turnpike, Port Phillip, MT 87489"
960344,male,Elijah Mcdonald,AD,"6485 Pope Alley Apt. 242, Jeanettetown, KS 54619"
923545,male,Dylan Richmond,VA,"USNV Foster, FPO AP 50587"
799511,female,Angela Clark,BT,"400 Brenda Freeway Apt. 913, North Christopher, CA 36362"
519849,female,Brittney Ross,LI,"530 Jennifer Points Suite 789, Port Edwardville, NJ 79907"
670051,female,Sarah Quinn,IO,"031 Joshua Prairie Suite 517, South Todd, AZ 81071"
47284,male,Cameron Aguirre,SK,"53036 Ramos Knolls Suite 085, Port Carolyn, ND 87662"
129689,male,Benjamin Cook,ER,"108 Garcia Inlet Suite 367, South Andrea, WV 14560"
621028,female,Samantha Friedman,US,"041 Michele Ranch Suite 686, East Erik, NY 84857"
57669,male,George Mercado,BH,"946 Payne Curve Apt. 354, Dustintown, NH 87469"
479709,male,Steven Lynch,TJ,"5091 Johnston Ville Suite 690, South John, MO 20491"
788813,male,Alexander Andrews,GG,"76191 Williams Ramp Apt. 177, North Markport, SD 39451"
193170,male,John Perkins,AO,"PSC 8929, Box 7405, APO AA 21173"
171151,male,Jeffery Turner,GD,"6988 Clark Hill, Michaelshire, AR 46141"
674417,female,Sarah Gonzales,KM,"82312 Nunez Path, Katiehaven, KY 45285"
621582,male,Ricky Lamb,CA,"7394 Cody Ferry Apt. 544, East Jonbury, MI 99900"
731736,female,Lisa Powell,HM,"86300 Mark Ridge Apt. 534, Clarkemouth, CO 05634"
33943,female,Kayla Kim,GT,"487 Jonathan Isle, Murilloland, PA 28900"
935561,female,Amanda Warren,MG,"USNV Lynn, FPO AE 43082"
452040,female,Laura Jenkins,MV,"48886 John Squares, New Karen, WY 83676"
301499,male,Matthew Edwards,IE,"5559 Matthew Plaza Apt. 549, Taylorport, NE 79895"
460233,male,Dr. Joseph Kelley,SM,"Unit 7355 Box 8371, DPO AP 39682"
828727,male,William Mitchell,PN,"3431 Hill Ville, Deborahland, CA 33276"
718085,female,Jane Wright,PM,"120 Burns Valleys, West David, NV 31617"
888894,male,Robert Simpson,KI,"USNV Turner, FPO AP 69838"
672350,female,Lisa Gonzalez,BA,"0497 Adams Fields Apt. 087, East Alexandra, SC 45458"
671370,female,Stephanie House,GU,"135 Collins Ramp, Lake Ericstad, MH 30164"
859692,male,Andrew Smith,MA,"322 Steven Unions, Lake Ronaldhaven, IN 11004"
354107,male,Cory Montoya,JO,"80796 Amy Islands Suite 283, Timothyhaven, SC 41351"
665796,female,Jo Kaiser,RE,"002 Karen Drives, Sotofurt, ND 34643"
962175,male,Mark Thomas,RO,"9097 Jeffrey Spring, New Courtney, CT 90842"
657075,male,Nicholas Andrews,GQ,"4437 Johnson Estate Suite 846, Cortezmouth, ID 97208"
289732,male,Roy Bean,MV,"063 Friedman Grove, Lauraport, NV 03936"
710690,male,Benjamin Wolfe,TC,"2727 Little Trafficway, West Michelleview, MS 95525"
506373,male,Brian Jones,LS,"52448 Kimberly Rest, Howardport, IN 31292"
47790,male,Kyle Vincent,BS,"65857 John Manors Suite 636, Annefurt, MN 76448"
258398,male,Eddie Schultz,SZ,"8656 Benson Unions Apt. 627, West Danielton, OK 48896"
247229,female,Jennifer Flores,FO,"586 Nina Port, Port Kyle, TX 05661"
117597,female,Courtney Gonzalez,CK,"388 Smith Ridge, Jonesberg, VT 76346"
993297,male,James Pierce,PH,"815 Gomez Ways Apt. 704, Stevenland, LA 50888"
401927,male,Caleb Salazar,VA,"645 Scott Club Suite 082, Jonathanhaven, AZ 07774"
113035,female,Mrs. Angela Gilmore MD,SN,"5441 Schultz Fort Suite 790, Rodriguezview, MO 30125"
409479,female,Mary Jackson,MC,"6939 Levi Trail Apt. 189, East Justin, DC 10175"
434429,female,Emily Wilson,IM,"6468 Lopez Motorway Apt. 510, Lake Stacy, IL 23469"
535036,female,Tiffany Jackson,NF,"28491 Amber Mall, Kariside, UT 08521"
429337,male,Shawn Irwin MD,HT,"731 Thomas Lane, Williamsstad, MS 33992"
177849,male,Joseph Johnston,BO,"18703 Smith Ports, West Melissa, NM 53633"
127446,female,Amy Jones,IL,"1624 Troy Street Suite 088, Clarkport, WA 92159"
680746,female,Kimberly Taylor,PT,"377 Thomas Underpass Suite 458, North Andrewport, CT 59197"
871374,female,Kristen Flores,UM,"7960 Farley Vista, Josephborough, MO 75911"
273812,male,Joshua Lane,AF,"18208 Joy Common Apt. 755, North Lauraton, CO 28176"
797661,male,Phillip Ferrell,BZ,"4577 Lopez Square Apt. 122, Watsonmouth, KY 18762"
596529,male,Brian Schmidt,MK,"6718 Bailey Walk Suite 618, Greermouth, ND 02313"
707029,female,Janet Williams,IT,"122 Johnson Stream Suite 328, Christopherfort, ME 62456"
198817,male,Jesse Collins,IM,"073 Jennifer Radial Apt. 644, Lake Eric, VT 56227"
667526,female,Brenda Acosta,MA,"USCGC Jones, FPO AP 58632"
550442,female,Laura Bowers,BS,"5731 Vincent Ford, Emilytown, TX 71886"
99744,male,Gregory Brown,NE,"90759 Singh Junction Suite 454, West Shawn, AR 35557"
780958,female,Carrie Holmes,IE,"119 Brandon River Apt. 358, Josephport, AS 78717"
125176,male,Anthony Bell Jr.,PA,"6840 Brenda Lodge Suite 125, Williamsland, FM 09734"
77895,female,Shelley Hudson,MG,"46048 Luis Village, North Shaneport, IN 99587"
455062,male,George King,EC,"3231 Bush Falls Apt. 035, New Vickie, FL 93500"
704934,male,Anthony Jones,KE,"29601 Anderson Camp Suite 148, South Michelleberg, CO 37332"
111463,female,Karen Mcdonald,ER,"985 Nancy Wall, Joyland, WA 26213"
745116,female,Lisa Nichols,IM,"741 Juan Center Suite 956, South Antoniomouth, WI 82563"
423841,male,Timothy Gordon,TH,"42520 James Junctions Suite 305, Hillhaven, KY 88913"
900770,female,Mrs. Christina Jackson MD,CY,"548 Angie Radial, New Jennifer, MD 30110"
229999,male,Scott Gutierrez,NC,"4040 Rebecca Road, Lake Kayla, NV 76924"
